This is xake, Version 0.8.28

actor,verb,timestamp
5a5cff0bc1f4424812713535,experienced,2018-01-17T21:23:33.987Z
5a5cff0bc1f4424812713535,experienced,2018-01-17T21:23:34.013Z
5a5cff0bc1f4424812713535,experienced,2018-01-17T21:23:34.032Z
5a5cff0bc1f4424812713535,experienced,2018-01-17T21:23:34.041Z
5a5cff0bc1f4424812713535,experienced,2018-01-17T21:23:34.047Z
5a5cff0bc1f4424812713535,experienced,2018-01-17T21:23:34.054Z
5a5cff0bc1f4424812713535,experienced,2018-01-17T21:23:34.061Z
5a5cff0bc1f4424812713535,experienced,2018-01-17T21:23:34.069Z
5a5cff0bc1f4424812713535,experienced,2018-01-17T21:23:34.075Z
5a5cff0bc1f4424812713535,experienced,2018-01-17T21:23:34.082Z
5a5cff0bc1f4424812713535,experienced,2018-01-17T21:23:34.090Z
5a5cff0bc1f4424812713535,experienced,2018-01-17T21:23:34.096Z
5a6a083c05aa1d934710e0f6,experienced,2018-01-25T16:39:35.340Z
5a6a083c05aa1d934710e0f6,experienced,2018-01-25T16:39:35.368Z
5a6a083c05aa1d934710e0f6,experienced,2018-01-25T16:39:35.369Z
5a6a083c05aa1d934710e0f6,experienced,2018-01-25T16:39:35.371Z
5a6a083c05aa1d934710e0f6,experienced,2018-01-25T16:39:35.372Z
5a6a083c05aa1d934710e0f6,experienced,2018-01-25T16:39:35.373Z
5a6a083c05aa1d934710e0f6,experienced,2018-01-25T16:39:35.374Z
5a6a083c05aa1d934710e0f6,experienced,2018-01-25T16:39:35.375Z
5a6a083c05aa1d934710e0f6,experienced,2018-01-25T16:39:35.378Z
5a6a083c05aa1d934710e0f6,experienced,2018-01-25T16:39:35.380Z
5a6a083c05aa1d934710e0f6,experienced,2018-01-25T16:39:35.381Z
5a6a083c05aa1d934710e0f6,experienced,2018-01-25T16:39:35.382Z
5a6a083c05aa1d934710e0f6,experienced,2018-01-25T16:39:35.383Z
5a6a083c05aa1d934710e0f6,experienced,2018-01-25T16:39:35.384Z
5a6a083c05aa1d934710e0f6,experienced,2018-01-25T16:39:35.386Z
5a6a083c05aa1d934710e0f6,experienced,2018-01-25T16:39:40.574Z
5a6a083c05aa1d934710e0f6,experienced,2018-01-25T16:39:40.594Z
5a6a083c05aa1d934710e0f6,experienced,2018-01-25T16:39:40.595Z
5a6a083c05aa1d934710e0f6,experienced,2018-01-25T16:39:40.599Z
5a6a083c05aa1d934710e0f6,experienced,2018-01-25T16:39:40.600Z
5a6a083c05aa1d934710e0f6,experienced,2018-01-25T16:39:40.601Z
5a6a083c05aa1d934710e0f6,experienced,2018-01-25T16:39:40.603Z
5a6a083c05aa1d934710e0f6,experienced,2018-01-25T16:40:25.767Z
5a6a083c05aa1d934710e0f6,experienced,2018-01-25T16:40:25.789Z
5a6a083c05aa1d934710e0f6,experienced,2018-01-25T16:40:25.793Z
5a6a083c05aa1d934710e0f6,experienced,2018-01-25T16:40:25.794Z
5a6a083c05aa1d934710e0f6,experienced,2018-01-25T16:40:25.796Z
5a6a083c05aa1d934710e0f6,experienced,2018-01-25T16:40:25.797Z
5a6a083c05aa1d934710e0f6,experienced,2018-01-25T16:40:25.799Z
5a6a083c05aa1d934710e0f6,experienced,2018-01-25T16:40:25.801Z
5a6a083c05aa1d934710e0f6,experienced,2018-01-25T16:40:25.802Z
5a6a083c05aa1d934710e0f6,experienced,2018-01-25T16:40:25.804Z
5a6a083c05aa1d934710e0f6,experienced,2018-01-25T16:40:25.805Z
5a6a133505aa1d934710e20f,experienced,2018-01-25T17:26:20.145Z
5a6a133505aa1d934710e20f,experienced,2018-01-25T17:26:20.171Z
5a6a133505aa1d934710e20f,experienced,2018-01-25T17:26:20.173Z
5a6a133505aa1d934710e20f,experienced,2018-01-25T17:26:20.177Z
5a6a133505aa1d934710e20f,experienced,2018-01-25T17:26:20.178Z
5a6a133505aa1d934710e20f,experienced,2018-01-25T17:26:20.181Z
5a6a133505aa1d934710e20f,experienced,2018-01-25T17:26:20.184Z
5a6a133505aa1d934710e20f,experienced,2018-01-25T17:26:36.659Z
5a6a133505aa1d934710e20f,experienced,2018-01-25T17:26:36.682Z
5a6a133505aa1d934710e20f,experienced,2018-01-25T17:26:36.685Z
5a6a133505aa1d934710e20f,experienced,2018-01-25T17:26:36.686Z
5a6a133505aa1d934710e20f,experienced,2018-01-25T17:26:36.688Z
5a6a133505aa1d934710e20f,experienced,2018-01-25T17:26:36.691Z
5a6a133505aa1d934710e20f,experienced,2018-01-25T17:26:36.692Z
5a6a133505aa1d934710e20f,experienced,2018-01-25T17:26:36.694Z
5a6a133505aa1d934710e20f,experienced,2018-01-25T17:26:36.695Z
5a6a133505aa1d934710e20f,experienced,2018-01-25T17:26:36.697Z
5a6a133505aa1d934710e20f,experienced,2018-01-25T17:26:36.698Z
5a6a22b705aa1d934710e380,experienced,2018-01-25T18:33:43.851Z
5a6a22b705aa1d934710e380,experienced,2018-01-25T18:33:43.899Z
5a6a22b705aa1d934710e380,experienced,2018-01-25T18:33:43.901Z
5a6a22b705aa1d934710e380,experienced,2018-01-25T18:33:43.902Z
5a6a22b705aa1d934710e380,experienced,2018-01-25T18:33:43.904Z
5a6a22b705aa1d934710e380,experienced,2018-01-25T18:33:43.906Z
5a6a22b705aa1d934710e380,experienced,2018-01-25T18:33:43.908Z
5a6a22b705aa1d934710e380,experienced,2018-01-25T18:33:43.910Z
5a6a22b705aa1d934710e380,experienced,2018-01-25T18:33:43.912Z
5a6a22b705aa1d934710e380,experienced,2018-01-25T18:33:43.914Z
5a6a22b705aa1d934710e380,experienced,2018-01-25T18:33:43.916Z
5a6a22b705aa1d934710e380,experienced,2018-01-25T18:33:43.919Z
5a6a22b705aa1d934710e380,experienced,2018-01-25T18:33:43.923Z
5a6a22b705aa1d934710e380,experienced,2018-01-25T18:33:43.925Z
5a6a22b705aa1d934710e380,experienced,2018-01-25T18:33:43.928Z
5a6a308205aa1d934710e594,experienced,2018-01-25T19:31:38.808Z
5a6a308205aa1d934710e594,experienced,2018-01-25T19:31:38.839Z
5a6a308205aa1d934710e594,experienced,2018-01-25T19:31:38.841Z
5a6a308205aa1d934710e594,experienced,2018-01-25T19:31:38.842Z
5a6a308205aa1d934710e594,experienced,2018-01-25T19:31:38.844Z
5a6a308205aa1d934710e594,experienced,2018-01-25T19:31:38.846Z
5a6a308205aa1d934710e594,experienced,2018-01-25T19:31:38.847Z
5a6a308205aa1d934710e594,experienced,2018-01-25T19:31:38.848Z
5a6a308205aa1d934710e594,experienced,2018-01-25T19:31:38.849Z
5a6a308205aa1d934710e594,experienced,2018-01-25T19:31:38.851Z
5a6a308205aa1d934710e594,experienced,2018-01-25T19:31:38.852Z
5a6a308205aa1d934710e594,experienced,2018-01-25T19:31:38.853Z
5a6a308205aa1d934710e594,experienced,2018-01-25T19:31:38.855Z
5a6a308205aa1d934710e594,experienced,2018-01-25T19:31:38.857Z
5a6a308205aa1d934710e594,experienced,2018-01-25T19:31:38.859Z
5a6a308205aa1d934710e594,experienced,2018-01-25T19:31:49.518Z
5a6a308205aa1d934710e594,experienced,2018-01-25T19:31:49.534Z
5a6a308205aa1d934710e594,experienced,2018-01-25T19:31:49.536Z
5a6a308205aa1d934710e594,experienced,2018-01-25T19:31:49.539Z
5a6a308205aa1d934710e594,experienced,2018-01-25T19:31:49.542Z
5a6a308205aa1d934710e594,experienced,2018-01-25T19:31:49.543Z
5a6a308205aa1d934710e594,experienced,2018-01-25T19:31:49.546Z
5a6a308205aa1d934710e594,experienced,2018-01-25T19:31:57.126Z
5a6a308205aa1d934710e594,experienced,2018-01-25T19:31:57.146Z
5a6a308205aa1d934710e594,experienced,2018-01-25T19:31:57.147Z
5a6a308205aa1d934710e594,experienced,2018-01-25T19:31:57.149Z
5a6a308205aa1d934710e594,experienced,2018-01-25T19:31:57.150Z
5a6a308205aa1d934710e594,experienced,2018-01-25T19:31:57.151Z
5a6a308205aa1d934710e594,experienced,2018-01-25T19:31:57.153Z
5a6a308205aa1d934710e594,experienced,2018-01-25T19:31:57.155Z
5a6a308205aa1d934710e594,experienced,2018-01-25T19:31:57.156Z
5a6a308205aa1d934710e594,experienced,2018-01-25T19:31:57.158Z
5a6a308205aa1d934710e594,experienced,2018-01-25T19:31:57.159Z
5a6a360105aa1d934710e63e,experienced,2018-01-25T19:54:49.782Z
5a6a360105aa1d934710e63e,experienced,2018-01-25T19:54:49.838Z
5a6a360105aa1d934710e63e,experienced,2018-01-25T19:54:49.840Z
5a6a360105aa1d934710e63e,experienced,2018-01-25T19:54:49.843Z
5a6a360105aa1d934710e63e,experienced,2018-01-25T19:54:49.846Z
5a6a360105aa1d934710e63e,experienced,2018-01-25T19:54:49.849Z
5a6a360105aa1d934710e63e,experienced,2018-01-25T19:54:49.850Z
5a6a360105aa1d934710e63e,experienced,2018-01-25T19:54:49.853Z
5a6a360105aa1d934710e63e,experienced,2018-01-25T19:54:49.855Z
5a6a360105aa1d934710e63e,experienced,2018-01-25T19:54:49.857Z
5a6a360105aa1d934710e63e,experienced,2018-01-25T19:54:49.861Z
5a6a360105aa1d934710e63e,experienced,2018-01-25T19:54:49.863Z
5a6a360105aa1d934710e63e,experienced,2018-01-25T19:54:49.866Z
5a6a360105aa1d934710e63e,experienced,2018-01-25T19:54:49.868Z
5a6a360105aa1d934710e63e,experienced,2018-01-25T19:54:49.871Z
5a6a360105aa1d934710e63e,experienced,2018-01-25T19:54:56.466Z
5a6a360105aa1d934710e63e,experienced,2018-01-25T19:54:56.485Z
5a6a360105aa1d934710e63e,experienced,2018-01-25T19:54:56.487Z
5a6a360105aa1d934710e63e,experienced,2018-01-25T19:54:56.497Z
5a6a360105aa1d934710e63e,experienced,2018-01-25T19:54:56.499Z
5a6a360105aa1d934710e63e,experienced,2018-01-25T19:54:56.501Z
5a6a360105aa1d934710e63e,experienced,2018-01-25T19:54:56.503Z
5a60f703dc9d416531e988ec,experienced,2018-01-25T19:55:22.270Z
5a60f703dc9d416531e988ec,experienced,2018-01-25T19:55:22.292Z
5a60f703dc9d416531e988ec,experienced,2018-01-25T19:55:22.295Z
5a60f703dc9d416531e988ec,experienced,2018-01-25T19:55:22.299Z
5a60f703dc9d416531e988ec,experienced,2018-01-25T19:55:22.302Z
5a60f703dc9d416531e988ec,experienced,2018-01-25T19:55:22.304Z
5a60f703dc9d416531e988ec,experienced,2018-01-25T19:55:22.308Z
5a61fccddc9d416531e99cb2,experienced,2018-01-25T19:55:31.673Z
5a61fccddc9d416531e99cb2,experienced,2018-01-25T19:55:31.689Z
5a61fccddc9d416531e99cb2,experienced,2018-01-25T19:55:31.692Z
5a61fccddc9d416531e99cb2,experienced,2018-01-25T19:55:31.695Z
5a61fccddc9d416531e99cb2,experienced,2018-01-25T19:55:31.697Z
5a61fccddc9d416531e99cb2,experienced,2018-01-25T19:55:31.698Z
5a61fccddc9d416531e99cb2,experienced,2018-01-25T19:55:31.700Z
5a60f703dc9d416531e988ec,experienced,2018-01-25T20:23:09.731Z
5a60f703dc9d416531e988ec,experienced,2018-01-25T20:23:09.759Z
5a60f703dc9d416531e988ec,experienced,2018-01-25T20:23:09.762Z
5a60f703dc9d416531e988ec,experienced,2018-01-25T20:23:09.763Z
5a60f703dc9d416531e988ec,experienced,2018-01-25T20:23:09.765Z
5a60f703dc9d416531e988ec,experienced,2018-01-25T20:23:09.767Z
5a60f703dc9d416531e988ec,experienced,2018-01-25T20:23:09.768Z
5a60f703dc9d416531e988ec,experienced,2018-01-25T20:23:09.770Z
5a60f703dc9d416531e988ec,experienced,2018-01-25T20:23:09.772Z
5a60f703dc9d416531e988ec,experienced,2018-01-25T20:23:09.773Z
5a60f703dc9d416531e988ec,experienced,2018-01-25T20:23:09.775Z
5a6a360105aa1d934710e63e,experienced,2018-01-25T20:24:20.047Z
5a6a360105aa1d934710e63e,experienced,2018-01-25T20:24:20.084Z
5a6a360105aa1d934710e63e,experienced,2018-01-25T20:24:20.086Z
5a6a360105aa1d934710e63e,experienced,2018-01-25T20:24:20.089Z
5a6a360105aa1d934710e63e,experienced,2018-01-25T20:24:20.092Z
5a6a360105aa1d934710e63e,experienced,2018-01-25T20:24:20.094Z
5a6a360105aa1d934710e63e,experienced,2018-01-25T20:24:20.096Z
5a6a360105aa1d934710e63e,experienced,2018-01-25T20:24:20.098Z
5a6a360105aa1d934710e63e,experienced,2018-01-25T20:24:20.101Z
5a6a360105aa1d934710e63e,experienced,2018-01-25T20:24:20.103Z
5a6a360105aa1d934710e63e,experienced,2018-01-25T20:24:20.106Z
5a61fccddc9d416531e99cb2,experienced,2018-01-25T20:24:33.042Z
5a61fccddc9d416531e99cb2,experienced,2018-01-25T20:24:33.063Z
5a61fccddc9d416531e99cb2,experienced,2018-01-25T20:24:33.064Z
5a61fccddc9d416531e99cb2,experienced,2018-01-25T20:24:33.066Z
5a61fccddc9d416531e99cb2,experienced,2018-01-25T20:24:33.067Z
5a61fccddc9d416531e99cb2,experienced,2018-01-25T20:24:33.068Z
5a61fccddc9d416531e99cb2,experienced,2018-01-25T20:24:33.069Z
5a61fccddc9d416531e99cb2,experienced,2018-01-25T20:24:33.070Z
5a61fccddc9d416531e99cb2,experienced,2018-01-25T20:24:33.072Z
5a61fccddc9d416531e99cb2,experienced,2018-01-25T20:24:33.073Z
5a61fccddc9d416531e99cb2,experienced,2018-01-25T20:24:33.075Z
5a6a4d7b05aa1d934710e88d,experienced,2018-01-25T21:35:08.121Z
5a6a4d7b05aa1d934710e88d,experienced,2018-01-25T21:35:08.160Z
5a6a4d7b05aa1d934710e88d,experienced,2018-01-25T21:35:08.162Z
5a6a4d7b05aa1d934710e88d,experienced,2018-01-25T21:35:08.164Z
5a6a4d7b05aa1d934710e88d,experienced,2018-01-25T21:35:08.167Z
5a6a4d7b05aa1d934710e88d,experienced,2018-01-25T21:35:08.168Z
5a6a4d7b05aa1d934710e88d,experienced,2018-01-25T21:35:08.170Z
5a6a4d7b05aa1d934710e88d,experienced,2018-01-25T21:35:08.172Z
5a6a4d7b05aa1d934710e88d,experienced,2018-01-25T21:35:08.173Z
5a6a4d7b05aa1d934710e88d,experienced,2018-01-25T21:35:08.175Z
5a6a4d7b05aa1d934710e88d,experienced,2018-01-25T21:35:08.177Z
5a6a4d7b05aa1d934710e88d,experienced,2018-01-25T21:35:08.179Z
5a6a4d7b05aa1d934710e88d,experienced,2018-01-25T21:35:08.181Z
5a6a4d7b05aa1d934710e88d,experienced,2018-01-25T21:35:08.183Z
5a6a4d7b05aa1d934710e88d,experienced,2018-01-25T21:35:08.185Z
5a6a4d7b05aa1d934710e88d,experienced,2018-01-25T21:35:14.076Z
5a6a4d7b05aa1d934710e88d,experienced,2018-01-25T21:35:14.098Z
5a6a4d7b05aa1d934710e88d,experienced,2018-01-25T21:35:14.100Z
5a6a4d7b05aa1d934710e88d,experienced,2018-01-25T21:35:14.111Z
5a6a4d7b05aa1d934710e88d,experienced,2018-01-25T21:35:14.112Z
5a6a4d7b05aa1d934710e88d,experienced,2018-01-25T21:35:14.114Z
5a6a4d7b05aa1d934710e88d,experienced,2018-01-25T21:35:14.116Z
5a6a4d7b05aa1d934710e88d,experienced,2018-01-25T21:35:19.138Z
5a6a4d7b05aa1d934710e88d,experienced,2018-01-25T21:35:19.164Z
5a6a4d7b05aa1d934710e88d,experienced,2018-01-25T21:35:19.166Z
5a6a4d7b05aa1d934710e88d,experienced,2018-01-25T21:35:19.168Z
5a6a4d7b05aa1d934710e88d,experienced,2018-01-25T21:35:19.169Z
5a6a4d7b05aa1d934710e88d,experienced,2018-01-25T21:35:19.173Z
5a6a4d7b05aa1d934710e88d,experienced,2018-01-25T21:35:19.175Z
5a6a4d7b05aa1d934710e88d,experienced,2018-01-25T21:35:19.176Z
5a6a4d7b05aa1d934710e88d,experienced,2018-01-25T21:35:19.177Z
5a6a4d7b05aa1d934710e88d,experienced,2018-01-25T21:35:19.179Z
5a6a4d7b05aa1d934710e88d,experienced,2018-01-25T21:35:19.180Z
5a6a66d805aa1d934710ead0,experienced,2018-01-25T23:23:15.772Z
5a6a66d805aa1d934710ead0,experienced,2018-01-25T23:23:15.809Z
5a6a66d805aa1d934710ead0,experienced,2018-01-25T23:23:15.812Z
5a6a66d805aa1d934710ead0,experienced,2018-01-25T23:23:15.814Z
5a6a66d805aa1d934710ead0,experienced,2018-01-25T23:23:15.822Z
5a6a66d805aa1d934710ead0,experienced,2018-01-25T23:23:15.824Z
5a6a66d805aa1d934710ead0,experienced,2018-01-25T23:23:15.825Z
5a6a66d805aa1d934710ead0,experienced,2018-01-25T23:23:15.828Z
5a6a66d805aa1d934710ead0,experienced,2018-01-25T23:23:15.829Z
5a6a66d805aa1d934710ead0,experienced,2018-01-25T23:23:15.831Z
5a6a66d805aa1d934710ead0,experienced,2018-01-25T23:23:15.834Z
5a6a66d805aa1d934710ead0,experienced,2018-01-25T23:23:15.837Z
5a6a66d805aa1d934710ead0,experienced,2018-01-25T23:23:15.816Z
5a6a66d805aa1d934710ead0,experienced,2018-01-25T23:23:15.819Z
5a6a66d805aa1d934710ead0,experienced,2018-01-25T23:23:15.820Z
5a6a66d805aa1d934710ead0,experienced,2018-01-25T23:23:36.722Z
5a6a66d805aa1d934710ead0,experienced,2018-01-25T23:23:36.740Z
5a6a66d805aa1d934710ead0,experienced,2018-01-25T23:23:36.742Z
5a6a66d805aa1d934710ead0,experienced,2018-01-25T23:23:36.746Z
5a6a66d805aa1d934710ead0,experienced,2018-01-25T23:23:36.748Z
5a6a66d805aa1d934710ead0,experienced,2018-01-25T23:23:36.749Z
5a6a66d805aa1d934710ead0,experienced,2018-01-25T23:23:36.751Z
5a6a66d805aa1d934710ead0,experienced,2018-01-25T23:23:44.681Z
5a6a66d805aa1d934710ead0,experienced,2018-01-25T23:23:44.700Z
5a6a66d805aa1d934710ead0,experienced,2018-01-25T23:23:44.702Z
5a6a66d805aa1d934710ead0,experienced,2018-01-25T23:23:44.703Z
5a6a66d805aa1d934710ead0,experienced,2018-01-25T23:23:44.705Z
5a6a66d805aa1d934710ead0,experienced,2018-01-25T23:23:44.706Z
5a6a66d805aa1d934710ead0,experienced,2018-01-25T23:23:44.708Z
5a6a66d805aa1d934710ead0,experienced,2018-01-25T23:23:44.709Z
5a6a66d805aa1d934710ead0,experienced,2018-01-25T23:23:44.711Z
5a6a66d805aa1d934710ead0,experienced,2018-01-25T23:23:44.712Z
5a6a66d805aa1d934710ead0,experienced,2018-01-25T23:23:44.713Z
5a6a802605aa1d934710ed5f,experienced,2018-01-26T01:11:15.590Z
5a6a802605aa1d934710ed5f,experienced,2018-01-26T01:11:15.629Z
5a6a802605aa1d934710ed5f,experienced,2018-01-26T01:11:15.631Z
5a6a802605aa1d934710ed5f,experienced,2018-01-26T01:11:15.634Z
5a6a802605aa1d934710ed5f,experienced,2018-01-26T01:11:15.637Z
5a6a802605aa1d934710ed5f,experienced,2018-01-26T01:11:15.640Z
5a6a802605aa1d934710ed5f,experienced,2018-01-26T01:11:15.641Z
5a6a802605aa1d934710ed5f,experienced,2018-01-26T01:11:15.643Z
5a6a802605aa1d934710ed5f,experienced,2018-01-26T01:11:15.645Z
5a6a802605aa1d934710ed5f,experienced,2018-01-26T01:11:15.646Z
5a6a802605aa1d934710ed5f,experienced,2018-01-26T01:11:15.648Z
5a6a802605aa1d934710ed5f,experienced,2018-01-26T01:14:00.941Z
5a6a802605aa1d934710ed5f,experienced,2018-01-26T01:14:00.993Z
5a6a802605aa1d934710ed5f,experienced,2018-01-26T01:14:00.995Z
5a6a802605aa1d934710ed5f,experienced,2018-01-26T01:14:00.998Z
5a6a802605aa1d934710ed5f,experienced,2018-01-26T01:14:01.001Z
5a6a802605aa1d934710ed5f,experienced,2018-01-26T01:14:01.003Z
5a6a802605aa1d934710ed5f,experienced,2018-01-26T01:14:01.005Z
5a6a802605aa1d934710ed5f,experienced,2018-01-26T01:14:01.006Z
5a6a802605aa1d934710ed5f,experienced,2018-01-26T01:14:01.008Z
5a6a802605aa1d934710ed5f,experienced,2018-01-26T01:14:01.010Z
5a6a802605aa1d934710ed5f,experienced,2018-01-26T01:14:01.012Z
5a6a802605aa1d934710ed5f,experienced,2018-01-26T01:14:01.014Z
5a6a802605aa1d934710ed5f,experienced,2018-01-26T01:14:01.017Z
5a6a802605aa1d934710ed5f,experienced,2018-01-26T01:14:01.019Z
5a6a802605aa1d934710ed5f,experienced,2018-01-26T01:14:01.021Z
5a6a802605aa1d934710ed5f,experienced,2018-01-26T01:14:07.965Z
5a6a802605aa1d934710ed5f,experienced,2018-01-26T01:14:07.990Z
5a6a802605aa1d934710ed5f,experienced,2018-01-26T01:14:07.993Z
5a6a802605aa1d934710ed5f,experienced,2018-01-26T01:14:07.998Z
5a6a802605aa1d934710ed5f,experienced,2018-01-26T01:14:07.999Z
5a6a802605aa1d934710ed5f,experienced,2018-01-26T01:14:08.003Z
5a6a802605aa1d934710ed5f,experienced,2018-01-26T01:14:08.005Z
5a6ab5daa49a82a107e42d95,experienced,2018-01-26T05:00:18.066Z
5a6ab5daa49a82a107e42d95,experienced,2018-01-26T05:00:18.145Z
5a6ab5daa49a82a107e42d95,experienced,2018-01-26T05:00:18.149Z
5a6ab5daa49a82a107e42d95,experienced,2018-01-26T05:00:18.152Z
5a6ab5daa49a82a107e42d95,experienced,2018-01-26T05:00:18.155Z
5a6ab5daa49a82a107e42d95,experienced,2018-01-26T05:00:18.157Z
5a6ab5daa49a82a107e42d95,experienced,2018-01-26T05:00:18.160Z
5a6ab5daa49a82a107e42d95,experienced,2018-01-26T05:00:18.163Z
5a6ab5daa49a82a107e42d95,experienced,2018-01-26T05:00:18.166Z
5a6ab5daa49a82a107e42d95,experienced,2018-01-26T05:00:18.169Z
5a6ab5daa49a82a107e42d95,experienced,2018-01-26T05:00:18.172Z
5a6ab5daa49a82a107e42d95,experienced,2018-01-26T05:00:18.176Z
5a6ab5daa49a82a107e42d95,experienced,2018-01-26T05:00:18.178Z
5a6ab5daa49a82a107e42d95,experienced,2018-01-26T05:00:18.181Z
5a6ab5daa49a82a107e42d95,experienced,2018-01-26T05:00:18.184Z
5a6ab5daa49a82a107e42d95,experienced,2018-01-26T05:00:34.540Z
5a6ab5daa49a82a107e42d95,experienced,2018-01-26T05:00:34.576Z
5a6ab5daa49a82a107e42d95,experienced,2018-01-26T05:00:34.580Z
5a6ab5daa49a82a107e42d95,experienced,2018-01-26T05:00:34.588Z
5a6ab5daa49a82a107e42d95,experienced,2018-01-26T05:00:34.592Z
5a6ab5daa49a82a107e42d95,experienced,2018-01-26T05:00:34.595Z
5a6ab5daa49a82a107e42d95,experienced,2018-01-26T05:00:34.602Z
5a6ab5daa49a82a107e42d95,experienced,2018-01-26T05:06:53.355Z
5a6ab5daa49a82a107e42d95,experienced,2018-01-26T05:06:53.399Z
5a6ab5daa49a82a107e42d95,experienced,2018-01-26T05:06:53.402Z
5a6ab5daa49a82a107e42d95,experienced,2018-01-26T05:06:53.407Z
5a6ab5daa49a82a107e42d95,experienced,2018-01-26T05:06:53.411Z
5a6ab5daa49a82a107e42d95,experienced,2018-01-26T05:06:53.415Z
5a6ab5daa49a82a107e42d95,experienced,2018-01-26T05:06:53.418Z
5a6ab5daa49a82a107e42d95,experienced,2018-01-26T05:06:53.423Z
5a6ab5daa49a82a107e42d95,experienced,2018-01-26T05:06:53.427Z
5a6ab5daa49a82a107e42d95,experienced,2018-01-26T05:06:53.431Z
5a6ab5daa49a82a107e42d95,experienced,2018-01-26T05:06:53.435Z
5a6ac9eda49a82a107e42eb5,experienced,2018-01-26T06:26:15.730Z
5a6ac9eda49a82a107e42eb5,experienced,2018-01-26T06:26:15.803Z
5a6ac9eda49a82a107e42eb5,experienced,2018-01-26T06:26:15.811Z
5a6ac9eda49a82a107e42eb5,experienced,2018-01-26T06:26:15.818Z
5a6ac9eda49a82a107e42eb5,experienced,2018-01-26T06:26:15.824Z
5a6ac9eda49a82a107e42eb5,experienced,2018-01-26T06:26:15.832Z
5a6ac9eda49a82a107e42eb5,experienced,2018-01-26T06:26:15.840Z
5a6ac9eda49a82a107e42eb5,experienced,2018-01-26T06:26:15.848Z
5a6ac9eda49a82a107e42eb5,experienced,2018-01-26T06:26:15.854Z
5a6ac9eda49a82a107e42eb5,experienced,2018-01-26T06:26:15.861Z
5a6ac9eda49a82a107e42eb5,experienced,2018-01-26T06:26:15.866Z
5a6ac9eda49a82a107e42eb5,experienced,2018-01-26T06:26:22.356Z
5a6ac9eda49a82a107e42eb5,experienced,2018-01-26T06:26:22.408Z
5a6ac9eda49a82a107e42eb5,experienced,2018-01-26T06:26:22.414Z
5a6ac9eda49a82a107e42eb5,experienced,2018-01-26T06:26:22.433Z
5a6ac9eda49a82a107e42eb5,experienced,2018-01-26T06:26:22.442Z
5a6ac9eda49a82a107e42eb5,experienced,2018-01-26T06:26:22.448Z
5a6ac9eda49a82a107e42eb5,experienced,2018-01-26T06:26:22.458Z
5a6acafaa49a82a107e42ec5,experienced,2018-01-26T06:30:26.567Z
5a6acafaa49a82a107e42ec5,experienced,2018-01-26T06:30:26.614Z
5a6acafaa49a82a107e42ec5,experienced,2018-01-26T06:30:26.617Z
5a6acafaa49a82a107e42ec5,experienced,2018-01-26T06:30:26.625Z
5a6acafaa49a82a107e42ec5,experienced,2018-01-26T06:30:26.628Z
5a6acafaa49a82a107e42ec5,experienced,2018-01-26T06:30:26.631Z
5a6acafaa49a82a107e42ec5,experienced,2018-01-26T06:30:26.636Z
5a6ad6bda49a82a107e42f4d,experienced,2018-01-26T07:20:29.823Z
5a6ad6bda49a82a107e42f4d,experienced,2018-01-26T07:20:29.872Z
5a6ad6bda49a82a107e42f4d,experienced,2018-01-26T07:20:29.876Z
5a6ad6bda49a82a107e42f4d,experienced,2018-01-26T07:20:29.884Z
5a6ad6bda49a82a107e42f4d,experienced,2018-01-26T07:20:29.887Z
5a6ad6bda49a82a107e42f4d,experienced,2018-01-26T07:20:29.889Z
5a6ad6bda49a82a107e42f4d,experienced,2018-01-26T07:20:29.895Z
5a6ad6bda49a82a107e42f4d,experienced,2018-01-26T07:21:35.652Z
5a6ad6bda49a82a107e42f4d,experienced,2018-01-26T07:21:35.685Z
5a6ad6bda49a82a107e42f4d,experienced,2018-01-26T07:21:35.689Z
5a6ad6bda49a82a107e42f4d,experienced,2018-01-26T07:21:35.691Z
5a6ad6bda49a82a107e42f4d,experienced,2018-01-26T07:21:35.694Z
5a6ad6bda49a82a107e42f4d,experienced,2018-01-26T07:21:35.697Z
5a6ad6bda49a82a107e42f4d,experienced,2018-01-26T07:21:35.699Z
5a6ad6bda49a82a107e42f4d,experienced,2018-01-26T07:21:35.702Z
5a6ad6bda49a82a107e42f4d,experienced,2018-01-26T07:21:35.704Z
5a6ad6bda49a82a107e42f4d,experienced,2018-01-26T07:21:35.706Z
5a6ad6bda49a82a107e42f4d,experienced,2018-01-26T07:21:35.707Z
5a6ad8cca49a82a107e42f70,experienced,2018-01-26T07:29:30.382Z
5a6ad8cca49a82a107e42f70,experienced,2018-01-26T07:29:30.409Z
5a6ad8cca49a82a107e42f70,experienced,2018-01-26T07:29:30.411Z
5a6ad8cca49a82a107e42f70,experienced,2018-01-26T07:29:30.413Z
5a6ad8cca49a82a107e42f70,experienced,2018-01-26T07:29:30.414Z
5a6ad8cca49a82a107e42f70,experienced,2018-01-26T07:29:30.415Z
5a6ad8cca49a82a107e42f70,experienced,2018-01-26T07:29:30.416Z
5a6ad8cca49a82a107e42f70,experienced,2018-01-26T07:29:30.417Z
5a6ad8cca49a82a107e42f70,experienced,2018-01-26T07:29:30.418Z
5a6ad8cca49a82a107e42f70,experienced,2018-01-26T07:29:30.419Z
5a6ad8cca49a82a107e42f70,experienced,2018-01-26T07:29:30.430Z
5a6ad8cca49a82a107e42f70,experienced,2018-01-26T07:29:30.438Z
5a6ad8cca49a82a107e42f70,experienced,2018-01-26T07:29:30.440Z
5a6ad8cca49a82a107e42f70,experienced,2018-01-26T07:29:30.441Z
5a6ad8cca49a82a107e42f70,experienced,2018-01-26T07:29:30.446Z
5a6ad8cca49a82a107e42f70,experienced,2018-01-26T07:29:48.947Z
5a6ad8cca49a82a107e42f70,experienced,2018-01-26T07:29:48.962Z
5a6ad8cca49a82a107e42f70,experienced,2018-01-26T07:29:48.963Z
5a6ad8cca49a82a107e42f70,experienced,2018-01-26T07:29:48.965Z
5a6ad8cca49a82a107e42f70,experienced,2018-01-26T07:29:48.966Z
5a6ad8cca49a82a107e42f70,experienced,2018-01-26T07:29:48.967Z
5a6ad8cca49a82a107e42f70,experienced,2018-01-26T07:29:48.969Z
5a6b3e8da49a82a107e43540,experienced,2018-01-26T14:43:32.741Z
5a6b3e8da49a82a107e43540,experienced,2018-01-26T14:43:32.760Z
5a6b3e8da49a82a107e43540,experienced,2018-01-26T14:43:32.762Z
5a6b3e8da49a82a107e43540,experienced,2018-01-26T14:43:32.765Z
5a6b3e8da49a82a107e43540,experienced,2018-01-26T14:43:32.766Z
5a6b3e8da49a82a107e43540,experienced,2018-01-26T14:43:32.766Z
5a6b3e8da49a82a107e43540,experienced,2018-01-26T14:43:32.768Z
5a6b3e8da49a82a107e43540,experienced,2018-01-26T14:44:22.030Z
5a6b3e8da49a82a107e43540,experienced,2018-01-26T14:44:22.044Z
5a6b3e8da49a82a107e43540,experienced,2018-01-26T14:44:22.045Z
5a6b3e8da49a82a107e43540,experienced,2018-01-26T14:44:22.045Z
5a6b3e8da49a82a107e43540,experienced,2018-01-26T14:44:22.046Z
5a6b3e8da49a82a107e43540,experienced,2018-01-26T14:44:22.047Z
5a6b3e8da49a82a107e43540,experienced,2018-01-26T14:44:22.048Z
5a6b3e8da49a82a107e43540,experienced,2018-01-26T14:44:22.049Z
5a6b3e8da49a82a107e43540,experienced,2018-01-26T14:44:22.050Z
5a6b3e8da49a82a107e43540,experienced,2018-01-26T14:44:22.051Z
5a6b3e8da49a82a107e43540,experienced,2018-01-26T14:44:22.052Z
5a6b4704a49a82a107e435f0,experienced,2018-01-26T15:19:52.558Z
5a6b4704a49a82a107e435f0,experienced,2018-01-26T15:19:52.589Z
5a6b4704a49a82a107e435f0,experienced,2018-01-26T15:19:52.590Z
5a6b4704a49a82a107e435f0,experienced,2018-01-26T15:19:52.594Z
5a6b4704a49a82a107e435f0,experienced,2018-01-26T15:19:52.596Z
5a6b4704a49a82a107e435f0,experienced,2018-01-26T15:19:52.597Z
5a6b4704a49a82a107e435f0,experienced,2018-01-26T15:19:52.600Z
5a6b4d7fa49a82a107e43682,experienced,2018-01-26T15:47:36.264Z
5a6b4d7fa49a82a107e43682,experienced,2018-01-26T15:47:36.318Z
5a6b4d7fa49a82a107e43682,experienced,2018-01-26T15:47:36.320Z
5a6b4d7fa49a82a107e43682,experienced,2018-01-26T15:47:36.321Z
5a6b4d7fa49a82a107e43682,experienced,2018-01-26T15:47:36.322Z
5a6b4d7fa49a82a107e43682,experienced,2018-01-26T15:47:36.324Z
5a6b4d7fa49a82a107e43682,experienced,2018-01-26T15:47:36.325Z
5a6b4d7fa49a82a107e43682,experienced,2018-01-26T15:47:36.327Z
5a6b4d7fa49a82a107e43682,experienced,2018-01-26T15:47:36.328Z
5a6b4d7fa49a82a107e43682,experienced,2018-01-26T15:47:36.329Z
5a6b4d7fa49a82a107e43682,experienced,2018-01-26T15:47:36.331Z
5a6b4d7fa49a82a107e43682,experienced,2018-01-26T15:47:36.332Z
5a6b4d7fa49a82a107e43682,experienced,2018-01-26T15:47:36.334Z
5a6b4d7fa49a82a107e43682,experienced,2018-01-26T15:47:36.336Z
5a6b4d7fa49a82a107e43682,experienced,2018-01-26T15:47:36.337Z
5a6b4d7fa49a82a107e43682,experienced,2018-01-26T15:47:51.604Z
5a6b4d7fa49a82a107e43682,experienced,2018-01-26T15:47:51.626Z
5a6b4d7fa49a82a107e43682,experienced,2018-01-26T15:47:51.627Z
5a6b4d7fa49a82a107e43682,experienced,2018-01-26T15:47:51.630Z
5a6b4d7fa49a82a107e43682,experienced,2018-01-26T15:47:51.633Z
5a6b4d7fa49a82a107e43682,experienced,2018-01-26T15:47:51.635Z
5a6b4d7fa49a82a107e43682,experienced,2018-01-26T15:47:51.639Z
5a6b4d7fa49a82a107e43682,experienced,2018-01-26T15:53:27.863Z
5a6b4d7fa49a82a107e43682,experienced,2018-01-26T15:53:27.895Z
5a6b4d7fa49a82a107e43682,experienced,2018-01-26T15:53:27.897Z
5a6b4d7fa49a82a107e43682,experienced,2018-01-26T15:53:27.898Z
5a6b4d7fa49a82a107e43682,experienced,2018-01-26T15:53:27.900Z
5a6b4d7fa49a82a107e43682,experienced,2018-01-26T15:53:27.901Z
5a6b4d7fa49a82a107e43682,experienced,2018-01-26T15:53:27.902Z
5a6b4d7fa49a82a107e43682,experienced,2018-01-26T15:53:27.904Z
5a6b4d7fa49a82a107e43682,experienced,2018-01-26T15:53:27.906Z
5a6b4d7fa49a82a107e43682,experienced,2018-01-26T15:53:27.909Z
5a6b4d7fa49a82a107e43682,experienced,2018-01-26T15:53:27.911Z
5a6b5923a49a82a107e4379a,experienced,2018-01-26T16:37:14.985Z
5a6b5923a49a82a107e4379a,experienced,2018-01-26T16:37:15.017Z
5a6b5923a49a82a107e4379a,experienced,2018-01-26T16:37:15.019Z
5a6b5923a49a82a107e4379a,experienced,2018-01-26T16:37:15.021Z
5a6b5923a49a82a107e4379a,experienced,2018-01-26T16:37:15.023Z
5a6b5923a49a82a107e4379a,experienced,2018-01-26T16:37:15.025Z
5a6b5923a49a82a107e4379a,experienced,2018-01-26T16:37:15.028Z
5a6b5923a49a82a107e4379a,experienced,2018-01-26T16:37:15.030Z
5a6b5923a49a82a107e4379a,experienced,2018-01-26T16:37:15.032Z
5a6b5923a49a82a107e4379a,experienced,2018-01-26T16:37:15.034Z
5a6b5923a49a82a107e4379a,experienced,2018-01-26T16:37:15.037Z
5a6b5a8ea49a82a107e437bb,experienced,2018-01-26T16:43:24.948Z
5a6b5a8ea49a82a107e437bb,experienced,2018-01-26T16:43:24.992Z
5a6b5a8ea49a82a107e437bb,experienced,2018-01-26T16:43:24.996Z
5a6b5a8ea49a82a107e437bb,experienced,2018-01-26T16:43:25.003Z
5a6b5a8ea49a82a107e437bb,experienced,2018-01-26T16:43:25.005Z
5a6b5a8ea49a82a107e437bb,experienced,2018-01-26T16:43:25.008Z
5a6b5a8ea49a82a107e437bb,experienced,2018-01-26T16:43:25.012Z
5a6b5a8ea49a82a107e437bb,experienced,2018-01-26T16:57:37.058Z
5a6b5a8ea49a82a107e437bb,experienced,2018-01-26T16:57:37.115Z
5a6b5a8ea49a82a107e437bb,experienced,2018-01-26T16:57:37.119Z
5a6b5a8ea49a82a107e437bb,experienced,2018-01-26T16:57:37.122Z
5a6b5a8ea49a82a107e437bb,experienced,2018-01-26T16:57:37.126Z
5a6b5a8ea49a82a107e437bb,experienced,2018-01-26T16:57:37.129Z
5a6b5a8ea49a82a107e437bb,experienced,2018-01-26T16:57:37.132Z
5a6b5a8ea49a82a107e437bb,experienced,2018-01-26T16:57:37.135Z
5a6b5a8ea49a82a107e437bb,experienced,2018-01-26T16:57:37.139Z
5a6b5a8ea49a82a107e437bb,experienced,2018-01-26T16:57:37.143Z
5a6b5a8ea49a82a107e437bb,experienced,2018-01-26T16:57:37.147Z
5a60f8c5dc9d416531e9891f,experienced,2018-01-26T17:24:39.257Z
5a60f8c5dc9d416531e9891f,experienced,2018-01-26T17:24:39.274Z
5a60f8c5dc9d416531e9891f,experienced,2018-01-26T17:24:39.276Z
5a60f8c5dc9d416531e9891f,experienced,2018-01-26T17:24:39.279Z
5a60f8c5dc9d416531e9891f,experienced,2018-01-26T17:24:39.280Z
5a60f8c5dc9d416531e9891f,experienced,2018-01-26T17:24:39.281Z
5a60f8c5dc9d416531e9891f,experienced,2018-01-26T17:24:39.292Z
5a60f8c5dc9d416531e9891f,experienced,2018-01-26T17:35:36.674Z
5a60f8c5dc9d416531e9891f,experienced,2018-01-26T17:35:36.693Z
5a60f8c5dc9d416531e9891f,experienced,2018-01-26T17:35:36.694Z
5a60f8c5dc9d416531e9891f,experienced,2018-01-26T17:35:36.695Z
5a60f8c5dc9d416531e9891f,experienced,2018-01-26T17:35:36.696Z
5a60f8c5dc9d416531e9891f,experienced,2018-01-26T17:35:36.697Z
5a60f8c5dc9d416531e9891f,experienced,2018-01-26T17:35:36.698Z
5a60f8c5dc9d416531e9891f,experienced,2018-01-26T17:35:36.699Z
5a60f8c5dc9d416531e9891f,experienced,2018-01-26T17:35:36.700Z
5a60f8c5dc9d416531e9891f,experienced,2018-01-26T17:35:36.701Z
5a60f8c5dc9d416531e9891f,experienced,2018-01-26T17:35:36.702Z
5a6b6a76a49a82a107e43974,experienced,2018-01-26T17:50:47.424Z
5a6b6a76a49a82a107e43974,experienced,2018-01-26T17:50:47.472Z
5a6b6a76a49a82a107e43974,experienced,2018-01-26T17:50:47.480Z
5a6b6a76a49a82a107e43974,experienced,2018-01-26T17:50:47.484Z
5a6b6a76a49a82a107e43974,experienced,2018-01-26T17:50:47.488Z
5a6b6a76a49a82a107e43974,experienced,2018-01-26T17:50:47.491Z
5a6b6a76a49a82a107e43974,experienced,2018-01-26T17:50:47.494Z
5a6b6a76a49a82a107e43974,experienced,2018-01-26T17:50:47.498Z
5a6b6a76a49a82a107e43974,experienced,2018-01-26T17:50:47.503Z
5a6b6a76a49a82a107e43974,experienced,2018-01-26T17:50:47.507Z
5a6b6a76a49a82a107e43974,experienced,2018-01-26T17:50:47.513Z
5a61f6d0dc9d416531e99c3e,experienced,2018-01-26T18:06:51.509Z
5a61f6d0dc9d416531e99c3e,experienced,2018-01-26T18:06:51.535Z
5a61f6d0dc9d416531e99c3e,experienced,2018-01-26T18:06:51.537Z
5a61f6d0dc9d416531e99c3e,experienced,2018-01-26T18:06:51.540Z
5a61f6d0dc9d416531e99c3e,experienced,2018-01-26T18:06:51.541Z
5a61f6d0dc9d416531e99c3e,experienced,2018-01-26T18:06:51.542Z
5a61f6d0dc9d416531e99c3e,experienced,2018-01-26T18:06:51.545Z
5a61f6d0dc9d416531e99c3e,experienced,2018-01-26T18:18:16.348Z
5a61f6d0dc9d416531e99c3e,experienced,2018-01-26T18:18:16.446Z
5a61f6d0dc9d416531e99c3e,experienced,2018-01-26T18:18:16.451Z
5a61f6d0dc9d416531e99c3e,experienced,2018-01-26T18:18:16.464Z
5a61f6d0dc9d416531e99c3e,experienced,2018-01-26T18:18:16.468Z
5a61f6d0dc9d416531e99c3e,experienced,2018-01-26T18:18:16.472Z
5a61f6d0dc9d416531e99c3e,experienced,2018-01-26T18:18:16.476Z
5a61f6d0dc9d416531e99c3e,experienced,2018-01-26T18:18:16.481Z
5a61f6d0dc9d416531e99c3e,experienced,2018-01-26T18:18:16.485Z
5a61f6d0dc9d416531e99c3e,experienced,2018-01-26T18:18:16.488Z
5a61f6d0dc9d416531e99c3e,experienced,2018-01-26T18:18:16.492Z
5a6b7716a49a82a107e43aa4,experienced,2018-01-26T18:44:50.761Z
5a6b7716a49a82a107e43aa4,experienced,2018-01-26T18:44:50.809Z
5a6b7716a49a82a107e43aa4,experienced,2018-01-26T18:44:50.813Z
5a6b7716a49a82a107e43aa4,experienced,2018-01-26T18:44:50.817Z
5a6b7716a49a82a107e43aa4,experienced,2018-01-26T18:44:50.820Z
5a6b7716a49a82a107e43aa4,experienced,2018-01-26T18:44:50.823Z
5a6b7716a49a82a107e43aa4,experienced,2018-01-26T18:44:50.826Z
5a6b7716a49a82a107e43aa4,experienced,2018-01-26T18:44:50.828Z
5a6b7716a49a82a107e43aa4,experienced,2018-01-26T18:44:50.831Z
5a6b7716a49a82a107e43aa4,experienced,2018-01-26T18:44:50.835Z
5a6b7716a49a82a107e43aa4,experienced,2018-01-26T18:44:50.838Z
5a6b88e2a49a82a107e43c73,experienced,2018-01-26T20:00:43.326Z
5a6b88e2a49a82a107e43c73,experienced,2018-01-26T20:00:43.377Z
5a6b88e2a49a82a107e43c73,experienced,2018-01-26T20:00:43.380Z
5a6b88e2a49a82a107e43c73,experienced,2018-01-26T20:00:43.386Z
5a6b88e2a49a82a107e43c73,experienced,2018-01-26T20:00:43.389Z
5a6b88e2a49a82a107e43c73,experienced,2018-01-26T20:00:43.393Z
5a6b88e2a49a82a107e43c73,experienced,2018-01-26T20:00:43.395Z
5a6b88e2a49a82a107e43c73,experienced,2018-01-26T20:00:43.397Z
5a6b88e2a49a82a107e43c73,experienced,2018-01-26T20:00:43.400Z
5a6b88e2a49a82a107e43c73,experienced,2018-01-26T20:00:43.410Z
5a6b88e2a49a82a107e43c73,experienced,2018-01-26T20:00:43.414Z
5a6b88e2a49a82a107e43c73,experienced,2018-01-26T20:00:55.400Z
5a6b88e2a49a82a107e43c73,experienced,2018-01-26T20:00:55.442Z
5a6b88e2a49a82a107e43c73,experienced,2018-01-26T20:00:55.446Z
5a6b88e2a49a82a107e43c73,experienced,2018-01-26T20:00:55.458Z
5a6b88e2a49a82a107e43c73,experienced,2018-01-26T20:00:55.460Z
5a6b88e2a49a82a107e43c73,experienced,2018-01-26T20:00:55.463Z
5a6b88e2a49a82a107e43c73,experienced,2018-01-26T20:00:55.466Z
5a6b89aba49a82a107e43c8e,experienced,2018-01-26T20:03:55.630Z
5a6b89aba49a82a107e43c8e,experienced,2018-01-26T20:03:55.711Z
5a6b89aba49a82a107e43c8e,experienced,2018-01-26T20:03:55.715Z
5a6b89aba49a82a107e43c8e,experienced,2018-01-26T20:03:55.723Z
5a6b89aba49a82a107e43c8e,experienced,2018-01-26T20:03:55.726Z
5a6b89aba49a82a107e43c8e,experienced,2018-01-26T20:03:55.728Z
5a6b89aba49a82a107e43c8e,experienced,2018-01-26T20:03:55.736Z
5a6b8b3ea49a82a107e43caf,experienced,2018-01-26T20:10:38.062Z
5a6b8b3ea49a82a107e43caf,experienced,2018-01-26T20:10:38.112Z
5a6b8b3ea49a82a107e43caf,experienced,2018-01-26T20:10:38.116Z
5a6b8b3ea49a82a107e43caf,experienced,2018-01-26T20:10:38.119Z
5a6b8b3ea49a82a107e43caf,experienced,2018-01-26T20:10:38.122Z
5a6b8b3ea49a82a107e43caf,experienced,2018-01-26T20:10:38.125Z
5a6b8b3ea49a82a107e43caf,experienced,2018-01-26T20:10:38.128Z
5a6b8b3ea49a82a107e43caf,experienced,2018-01-26T20:10:38.130Z
5a6b8b3ea49a82a107e43caf,experienced,2018-01-26T20:10:38.133Z
5a6b8b3ea49a82a107e43caf,experienced,2018-01-26T20:10:38.135Z
5a6b8b3ea49a82a107e43caf,experienced,2018-01-26T20:10:38.138Z
5a6b5923a49a82a107e4379a,experienced,2018-01-27T21:11:28.889Z
5a6b5923a49a82a107e4379a,experienced,2018-01-27T21:11:28.913Z
5a6b5923a49a82a107e4379a,experienced,2018-01-27T21:11:28.914Z
5a6b5923a49a82a107e4379a,experienced,2018-01-27T21:11:28.917Z
5a6b5923a49a82a107e4379a,experienced,2018-01-27T21:11:28.919Z
5a6b5923a49a82a107e4379a,experienced,2018-01-27T21:11:28.921Z
5a6b5923a49a82a107e4379a,experienced,2018-01-27T21:11:28.925Z
5a6e8ba4a49a82a107e4729d,experienced,2018-01-29T02:53:31.120Z
5a6e8ba4a49a82a107e4729d,experienced,2018-01-29T02:53:31.152Z
5a6e8ba4a49a82a107e4729d,experienced,2018-01-29T02:53:31.156Z
5a6e8ba4a49a82a107e4729d,experienced,2018-01-29T02:53:31.160Z
5a6e8ba4a49a82a107e4729d,experienced,2018-01-29T02:53:31.162Z
5a6e8ba4a49a82a107e4729d,experienced,2018-01-29T02:53:31.164Z
5a6e8ba4a49a82a107e4729d,experienced,2018-01-29T02:53:31.168Z
5a6e8ba4a49a82a107e4729d,experienced,2018-01-29T04:25:29.142Z
5a6e8ba4a49a82a107e4729d,experienced,2018-01-29T04:25:29.166Z
5a6e8ba4a49a82a107e4729d,experienced,2018-01-29T04:25:29.168Z
5a6e8ba4a49a82a107e4729d,experienced,2018-01-29T04:25:29.170Z
5a6e8ba4a49a82a107e4729d,experienced,2018-01-29T04:25:29.173Z
5a6e8ba4a49a82a107e4729d,experienced,2018-01-29T04:25:29.175Z
5a6e8ba4a49a82a107e4729d,experienced,2018-01-29T04:25:29.176Z
5a6e8ba4a49a82a107e4729d,experienced,2018-01-29T04:25:29.178Z
5a6e8ba4a49a82a107e4729d,experienced,2018-01-29T04:25:29.180Z
5a6e8ba4a49a82a107e4729d,experienced,2018-01-29T04:25:29.182Z
5a6e8ba4a49a82a107e4729d,experienced,2018-01-29T04:25:29.183Z
5a6eb05aa49a82a107e4754e,experienced,2018-01-30T02:02:58.619Z
5a6eb05aa49a82a107e4754e,experienced,2018-01-30T02:02:58.647Z
5a6eb05aa49a82a107e4754e,experienced,2018-01-30T02:02:58.651Z
5a6eb05aa49a82a107e4754e,experienced,2018-01-30T02:02:58.657Z
5a6eb05aa49a82a107e4754e,experienced,2018-01-30T02:02:58.659Z
5a6eb05aa49a82a107e4754e,experienced,2018-01-30T02:02:58.662Z
5a6eb05aa49a82a107e4754e,experienced,2018-01-30T02:02:58.667Z
5a70618ea49a82a107e4982b,experienced,2018-01-30T12:14:18.715Z
5a70618ea49a82a107e4982b,experienced,2018-01-30T12:14:18.744Z
5a70618ea49a82a107e4982b,experienced,2018-01-30T12:14:18.747Z
5a70618ea49a82a107e4982b,experienced,2018-01-30T12:14:18.749Z
5a70618ea49a82a107e4982b,experienced,2018-01-30T12:14:18.750Z
5a70618ea49a82a107e4982b,experienced,2018-01-30T12:14:18.752Z
5a70618ea49a82a107e4982b,experienced,2018-01-30T12:14:18.754Z
5a70618ea49a82a107e4982b,experienced,2018-01-30T12:14:18.756Z
5a70618ea49a82a107e4982b,experienced,2018-01-30T12:14:18.758Z
5a70618ea49a82a107e4982b,experienced,2018-01-30T12:14:18.759Z
5a70618ea49a82a107e4982b,experienced,2018-01-30T12:14:18.761Z
5a70618ea49a82a107e4982b,experienced,2018-01-30T12:14:32.462Z
5a70618ea49a82a107e4982b,experienced,2018-01-30T12:14:32.482Z
5a70618ea49a82a107e4982b,experienced,2018-01-30T12:14:32.484Z
5a70618ea49a82a107e4982b,experienced,2018-01-30T12:14:32.486Z
5a70618ea49a82a107e4982b,experienced,2018-01-30T12:14:32.488Z
5a70618ea49a82a107e4982b,experienced,2018-01-30T12:14:32.489Z
5a70618ea49a82a107e4982b,experienced,2018-01-30T12:14:32.492Z
5a706c74a49a82a107e498c1,experienced,2018-01-30T13:00:36.955Z
5a706c74a49a82a107e498c1,experienced,2018-01-30T13:00:37.014Z
5a706c74a49a82a107e498c1,experienced,2018-01-30T13:00:37.017Z
5a706c74a49a82a107e498c1,experienced,2018-01-30T13:00:37.033Z
5a706c74a49a82a107e498c1,experienced,2018-01-30T13:00:37.036Z
5a706c74a49a82a107e498c1,experienced,2018-01-30T13:00:37.038Z
5a706c74a49a82a107e498c1,experienced,2018-01-30T13:00:37.045Z
5a70af77a49a82a107e49d82,experienced,2018-01-30T17:47:56.721Z
5a70af77a49a82a107e49d82,experienced,2018-01-30T17:47:56.742Z
5a70af77a49a82a107e49d82,experienced,2018-01-30T17:47:56.744Z
5a70af77a49a82a107e49d82,experienced,2018-01-30T17:47:56.747Z
5a70af77a49a82a107e49d82,experienced,2018-01-30T17:47:56.748Z
5a70af77a49a82a107e49d82,experienced,2018-01-30T17:47:56.750Z
5a70af77a49a82a107e49d82,experienced,2018-01-30T17:47:56.752Z
5a70af77a49a82a107e49d82,experienced,2018-01-30T17:59:17.721Z
5a70af77a49a82a107e49d82,experienced,2018-01-30T17:59:17.748Z
5a70af77a49a82a107e49d82,experienced,2018-01-30T17:59:17.750Z
5a70af77a49a82a107e49d82,experienced,2018-01-30T17:59:17.751Z
5a70af77a49a82a107e49d82,experienced,2018-01-30T17:59:17.753Z
5a70af77a49a82a107e49d82,experienced,2018-01-30T17:59:17.755Z
5a70af77a49a82a107e49d82,experienced,2018-01-30T17:59:17.757Z
5a70af77a49a82a107e49d82,experienced,2018-01-30T17:59:17.758Z
5a70af77a49a82a107e49d82,experienced,2018-01-30T17:59:17.760Z
5a70af77a49a82a107e49d82,experienced,2018-01-30T17:59:17.761Z
5a70af77a49a82a107e49d82,experienced,2018-01-30T17:59:17.762Z
5a70af77a49a82a107e49d82,experienced,2018-01-30T18:14:22.992Z
5a70af77a49a82a107e49d82,experienced,2018-01-30T18:14:23.021Z
5a70af77a49a82a107e49d82,experienced,2018-01-30T18:14:23.023Z
5a70af77a49a82a107e49d82,experienced,2018-01-30T18:14:23.025Z
5a70af77a49a82a107e49d82,experienced,2018-01-30T18:14:23.026Z
5a70af77a49a82a107e49d82,experienced,2018-01-30T18:14:23.028Z
5a70af77a49a82a107e49d82,experienced,2018-01-30T18:14:23.029Z
5a70af77a49a82a107e49d82,experienced,2018-01-30T18:14:23.030Z
5a70af77a49a82a107e49d82,experienced,2018-01-30T18:14:23.032Z
5a70af77a49a82a107e49d82,experienced,2018-01-30T18:14:23.033Z
5a70af77a49a82a107e49d82,experienced,2018-01-30T18:14:23.035Z
5a70af77a49a82a107e49d82,experienced,2018-01-30T18:14:23.037Z
5a70af77a49a82a107e49d82,experienced,2018-01-30T18:14:23.039Z
5a70af77a49a82a107e49d82,experienced,2018-01-30T18:14:23.040Z
5a70af77a49a82a107e49d82,experienced,2018-01-30T18:14:23.041Z
